[
	{ "s": "П", "p": [6, 5] },
	{ "s": "ПАПКЕ", "p": [9, 2] },
	{ "s": "ПАПКУ", "p": [9, 2] },
	{ "s": "ПАРОЛЬ", "p": [6] },
	{ "s": "ПЕРЕД", "p": [2] },
	{ "s": "ПЕЧАТЬ", "p": [9, 5] },
	{ "s": "ПОД", "p": [2] },
	{ "s": "ПОДГОТОВИТЕЛЬНЫЕ", "p": [6] },
	{ "s": "ПОДГОТОВКИ", "p": [3] },
	{ "s": "ПОДДЕРЖКИ", "p": [10, 2] },
	{ "s": "ПОДКЛЮЧЕН", "p": [6] },
	{ "s": "ПОДРАЗДЕЛЕНИЯ", "p": [10] },
	{ "s": "ПОДТВЕРДИТЕ", "p": [8] },
	{ "s": "ПОИСКА", "p": [3] },
	{ "s": "ПОЛЕ", "p": [6] },
	{ "s": "ПОЛУЧЕНИИ", "p": [4] },
	{ "s": "ПОЛЬЗОВАТЕЛЬ", "p": [3] },
	{ "s": "ПОЛЬЗОВАТЕЛЮ", "p": [5] },
	{ "s": "ПОЛЬЗОВАТЕЛЯ", "p": [6, 2, 3, 1] },
	{ "s": "ПОЛЬЗОВАТЕЛЯМ", "p": [4] },
	{ "s": "ПОЛЯ", "p": [7] },
	{ "s": "ПОМОЩЬЮ", "p": [6] },
	{ "s": "ПОРЯДОК", "p": [2] },
	{ "s": "ПОСЛЕ", "p": [7, 9, 8, 6] },
	{ "s": "ПОСЛЕДОВАТЕЛЬНОСТИ", "p": [6] },
	{ "s": "ПОЯВИЛСЯ", "p": [9] },
	{ "s": "ПРАВАМИ", "p": [4] },
	{ "s": "ПРАВИЛЬНОЙ", "p": [9] },
	{ "s": "ПРАВОМ", "p": [2] },
	{ "s": "ПРЕДВАРИТЕЛЬНЫХ", "p": [3] },
	{ "s": "ПРЕДНАЗНАЧЕНА", "p": [4, 3] },
	{ "s": "ПРЕДОСТАВЛЯЕТСЯ", "p": [5] },
	{ "s": "ПРЕДЫДУЩЕГО", "p": [9, 8, 7] },
	{ "s": "ПРИ", "p": [9, 10, 6, 3] },
	{ "s": "ПРИВЕДЕННЫЕ", "p": [6, 5] },
	{ "s": "ПРИЕМОЧНЫХ", "p": [3] },
	{ "s": "ПРИЛОЖЕНИЕ", "p": [2] },
	{ "s": "ПРИМЕНЕНИЯ", "p": [4, 3] },
	{ "s": "ПРИМЕНЯЮТСЯ", "p": [3] },
	{ "s": "ПРИНТЕР", "p": [9] },
	{ "s": "ПРИНТЕРА", "p": [9] },
	{ "s": "ПРОВЕРКИ", "p": [2] },
	{ "s": "ПРОВЕРЬТЕ", "p": [7] },
	{ "s": "ПРОГРАММ", "p": [2] },
	{ "s": "ПРОГРАММНОЕ", "p": [2] },
	{ "s": "ПРОЧИТАТЬ", "p": [3] },
	{ "s": "ПУНКТА", "p": [9, 8, 7] }
]