[
	{ "s": "К", "p": [10, 6, 5] },
	{ "s": "КАК", "p": [9, 8, 7] },
	{ "s": "КАКУЮ", "p": [9] },
	{ "s": "КАРТОЧЕК", "p": [6] },
	{ "s": "КАРТОЧКИ", "p": [7, 8, 5, 9, 3] },
	{ "s": "КАРТОЧКУ", "p": [9, 8, 7, 5] },
	{ "s": "КНОПКИ", "p": [6] },
	{ "s": "КНОПКУ", "p": [9, 7, 6, 8] },
	{ "s": "КОГДА", "p": [4] },
	{ "s": "КОМПЛЕКСНЫХ", "p": [3] },
	{ "s": "КОМПЬЮТЕР", "p": [6] },
	{ "s": "КОМПЬЮТЕРЕ", "p": [6] },
	{ "s": "КОМПЬЮТЕРОМ", "p": [3] },
	{ "s": "КОНТРОЛЯ", "p": [3] },
	{ "s": "КОРПОРАТИВНОЙ", "p": [6] },
	{ "s": "КОТОРЫЙ", "p": [9] },
	{ "s": "КОТОРЫХ", "p": [6] },
	{ "s": "КРАТКОЕ", "p": [3] }
]