[
	{ "s": "ДАЛЕЕ", "p": [3] },
	{ "s": "ДАННОЙ", "p": [5] },
	{ "s": "ДАННОМ", "p": [10] },
	{ "s": "ДАННЫЕ", "p": [7, 9, 5, 3] },
	{ "s": "ДАННЫМИ", "p": [7] },
	{ "s": "ДАННЫХ", "p": [2, 6] },
	{ "s": "ДВАЖДЫ", "p": [9, 7] },
	{ "s": "ДЕЙСТВИЕ", "p": [8] },
	{ "s": "ДЕЙСТВИЯ", "p": [6, 2, 9, 8, 7] },
	{ "s": "ДИАЛОГОВОМ", "p": [8] },
	{ "s": "ДИСКЕ", "p": [2] },
	{ "s": "ДИСТРИБУТИВ", "p": [2] },
	{ "s": "ДИСТРИБУТИВНОГО", "p": [2] },
	{ "s": "ДЛЯ", "p": [4, 3, 2, 9, 8, 7] },
	{ "s": "ДОБАВИТЬ", "p": [7, 5] },
	{ "s": "ДОБАВЛЕНИЕ", "p": [7, 5] },
	{ "s": "ДОБАВЛЕНИЯ", "p": [9, 8, 7] },
	{ "s": "ДОБАВЛЯТЬ", "p": [3] },
	{ "s": "ДОЖДАТЬСЯ", "p": [6] },
	{ "s": "ДОКУМЕНТА", "p": [6, 3] },
	{ "s": "ДОЛЖЕН", "p": [3] },
	{ "s": "ДОПОЛНИТЕЛЬНЫЕ", "p": [6] },
	{ "s": "ДОСТУПА", "p": [4] },
	{ "s": "ДОСТУПНА", "p": [6, 4] },
	{ "s": "ДОСТУПНОСТИ", "p": [2] },
	{ "s": "ДОСТУПНЫМ", "p": [2] }
]