[
	{ "s": "И", "p": [9, 5, 4, 3, 2, 7, 8, 6] },
	{ "s": "ИЗ", "p": [8, 5, 9, 7, 6] },
	{ "s": "ИЗМЕНИТЕ", "p": [9] },
	{ "s": "ИЗМЕНИТЬ", "p": [7, 5] },
	{ "s": "ИЛИ", "p": [7, 9, 6, 2, 8, 5] },
	{ "s": "ИМЕТЬ", "p": [3] },
	{ "s": "ИМЯ", "p": [6, 2] },
	{ "s": "ИНФОРМАЦИИ", "p": [4, 7, 5] },
	{ "s": "ИНФОРМАЦИОННАЯ", "p": [4, 3, 1] },
	{ "s": "ИНФОРМАЦИОННОЙ", "p": [4, 3] },
	{ "s": "ИНФОРМАЦИЮ", "p": [5] },
	{ "s": "ИСПЫТАНИЯХ", "p": [3] }
]