[
	{ "s": "РАБОТА", "p": [4] },
	{ "s": "РАБОТЕ", "p": [10] },
	{ "s": "РАБОТОСПОСОБНОСТИ", "p": [2] },
	{ "s": "РАБОТЫ", "p": [2, 9, 8, 7, 6, 5, 3] },
	{ "s": "РАБОЧЕГО", "p": [2] },
	{ "s": "РАБОЧЕМ", "p": [2] },
	{ "s": "РАЗДЕЛЕ", "p": [10] },
	{ "s": "РАСПАКУЙТЕ", "p": [2] },
	{ "s": "РАСПЕЧАТАЕТ", "p": [9] },
	{ "s": "РЕАЛИЗОВАНА", "p": [3] },
	{ "s": "РЕДАКТИРОВАНИЕ", "p": [7, 5] },
	{ "s": "РЕДАКТИРОВАНИЯ", "p": [9, 7] },
	{ "s": "РЕДАКТИРОВАТЬ", "p": [7, 3] },
	{ "s": "РЕЖИМЕ", "p": [6] },
	{ "s": "РУКОВОДСТВО", "p": [3, 1] }
]