[
	{ "s": "Т", "p": [5] },
	{ "s": "Т.П", "p": [5] },
	{ "s": "ТАБЛИЦЕ", "p": [5] },
	{ "s": "ТЕКУЩЕГО", "p": [5] },
	{ "s": "ТЕКУЩЕЕ", "p": [6] },
	{ "s": "ТЕКУЩЕЙ", "p": [7] },
	{ "s": "ТЕХНИЧЕСКОГО", "p": [4, 3, 1] },
	{ "s": "ТЕХНИЧЕСКОЙ", "p": [10, 5] },
	{ "s": "ТЕХНИЧЕСКОМ", "p": [4] },
	{ "s": "ТЕХНИЧЕСКУЮ", "p": [5] },
	{ "s": "ТО", "p": [2] },
	{ "s": "ТРЕБОВАНИЯ", "p": [3] },
	{ "s": "ТРЕБУЕМОЙ", "p": [6] },
	{ "s": "ТРЕЕ", "p": [9] }
]