[
	{ "s": "ЗАВЕРШЕНИЯ", "p": [9, 8, 7, 6] },
	{ "s": "ЗАГРУЗИТЬ", "p": [9] },
	{ "s": "ЗАГРУЗКИ", "p": [6, 2] },
	{ "s": "ЗАДАЧА", "p": [8, 7, 6, 9] },
	{ "s": "ЗАДАЧИ", "p": [5] },
	{ "s": "ЗАЙТИ", "p": [9, 8, 7, 6, 2] },
	{ "s": "ЗАКЛЮЧИТЕЛЬНЫЕ", "p": [9, 8, 7, 6] },
	{ "s": "ЗАКРОЙТЕ", "p": [7] },
	{ "s": "ЗАКРЫТЬ", "p": [6] },
	{ "s": "ЗАПИСЬ", "p": [9, 8, 7, 6, 3] },
	{ "s": "ЗАПИСЬЮ", "p": [2] },
	{ "s": "ЗАПОЛНЕНИЯ", "p": [7] },
	{ "s": "ЗАПОЛНИТЕ", "p": [9, 7] },
	{ "s": "ЗАПУСКАЕТСЯ", "p": [2] },
	{ "s": "ЗАПУСТИТЕ", "p": [2] },
	{ "s": "ЗАПУСТИТЬ", "p": [6, 2] },
	{ "s": "ЗНАЧОК", "p": [9] }
]