[
	{ "s": "С", "p": [7, 2, 6, 5, 4, 3] },
	{ "s": "СБОРА", "p": [4] },
	{ "s": "СВОЕЙ", "p": [2] },
	{ "s": "СЕТИ", "p": [6] },
	{ "s": "СИСТЕМА", "p": [3, 7, 6, 5, 2, 1] },
	{ "s": "СИСТЕМЕ", "p": [3] },
	{ "s": "СИСТЕМОЙ", "p": [2, 3] },
	{ "s": "СИСТЕМЫ", "p": [4, 5, 6, 3, 10, 9, 8, 7, 2] },
	{ "s": "СИТУАЦИИ", "p": [10] },
	{ "s": "СКАЧАТЬ", "p": [2] },
	{ "s": "СЛЕДУЕТ", "p": [2] },
	{ "s": "СЛЕДУЮЩЕЕ", "p": [2] },
	{ "s": "СЛЕДУЮЩИЕ", "p": [2] },
	{ "s": "СЛУЖБУ", "p": [2] },
	{ "s": "СЛУЧАЕ", "p": [10, 2] },
	{ "s": "СО", "p": [5] },
	{ "s": "СОБЛЮДЕНИИ", "p": [6] },
	{ "s": "СОДЕРЖАНИЕ", "p": [2] },
	{ "s": "СОЗДАНИЕ", "p": [9, 5] },
	{ "s": "СОЗДАТЬ", "p": [5] },
	{ "s": "СООБЩИТ", "p": [7] },
	{ "s": "СОСТАВ", "p": [2] },
	{ "s": "СОСТАВЛЕНИЯ", "p": [3] },
	{ "s": "СОСТАВЛЯЮЩЕМ", "p": [4] },
	{ "s": "СОТРУДНИКУ", "p": [10] },
	{ "s": "СОХРАНИЛИ", "p": [9] },
	{ "s": "СОХРАНИТЬ", "p": [9, 7] },
	{ "s": "СПИСКА", "p": [8, 5, 6, 9, 3] },
	{ "s": "СПИСКЕ", "p": [7] },
	{ "s": "СПИСКОМ", "p": [5] },
	{ "s": "СПИСОК", "p": [5] },
	{ "s": "СПОСОБОМ", "p": [2] },
	{ "s": "СТАРЫЕ", "p": [3] },
	{ "s": "СТРАНИЦА", "p": [1] }
]