[
	{ "s": "А", "p": [9] },
	{ "s": "АВАРИЙНЫЕ", "p": [10] },
	{ "s": "АВТОМАТИЧЕСКИ", "p": [5] },
	{ "s": "АВТОМОБИЛЕ", "p": [7, 5, 3] },
	{ "s": "АВТОМОБИЛЕЙ", "p": [3, 4, 5, 6] },
	{ "s": "АВТОМОБИЛЬ", "p": [8, 7] },
	{ "s": "АВТОМОБИЛЯ", "p": [5, 8, 7, 9, 4, 1] },
	{ "s": "АВТОМОБИЛЯХ", "p": [4] },
	{ "s": "АВТОРИЗАЦИЯ", "p": [6] },
	{ "s": "АДМИНИСТРАТОР", "p": [3] },
	{ "s": "АДМИНИСТРАТОРА", "p": [9, 8, 7] },
	{ "s": "АДМИНИСТРАТОРОМ", "p": [9] },
	{ "s": "АДМИНИСТРАТОРУ", "p": [10] }
]