[
	{ "s": "НА", "p": [9, 6, 7, 2, 8, 5] },
	{ "s": "НАЖАТЬ", "p": [6, 7] },
	{ "s": "НАЖМИТЕ", "p": [9, 7, 8] },
	{ "s": "НАЗВАНИЕ", "p": [9] },
	{ "s": "НАЗНАЧЕНИЕ", "p": [4] },
	{ "s": "НАЛИЧИЕ", "p": [7] },
	{ "s": "НАСТОЯЩЕГО", "p": [6, 3] },
	{ "s": "НАСТРОЙКЕ", "p": [9] },
	{ "s": "НАСТРОЙКИ", "p": [6] },
	{ "s": "НАЧАЛО", "p": [2] },
	{ "s": "НАЧАЛОМ", "p": [2] },
	{ "s": "НАЧАЛЬНАЯ", "p": [1] },
	{ "s": "НЕ", "p": [10, 2] },
	{ "s": "НЕЁ", "p": [7] },
	{ "s": "НЕЙ", "p": [5] },
	{ "s": "НЕОБХОДИМО", "p": [2, 10, 7, 6, 3] },
	{ "s": "НЕОБХОДИМОСТЬ", "p": [4] },
	{ "s": "НЕОБХОДИМЫЕ", "p": [7] },
	{ "s": "НИЖЕ", "p": [10, 5] },
	{ "s": "НО", "p": [9, 8, 7] },
	{ "s": "НОВОГО", "p": [5] },
	{ "s": "НОВОЕ", "p": [7] },
	{ "s": "НОВОЙ", "p": [7] },
	{ "s": "НОВУЮ", "p": [5] },
	{ "s": "НОВЫЕ", "p": [3] },
	{ "s": "НОСИТЕЛЯ", "p": [2] },
	{ "s": "НУЖНА", "p": [9, 8, 7] }
]