[
	{ "s": "О", "p": [4] },
	{ "s": "ОБ", "p": [7, 5, 4, 3] },
	{ "s": "ОБЕСПЕЧЕНИЕ", "p": [2] },
	{ "s": "ОБЛАСТЬ", "p": [3] },
	{ "s": "ОБРАТИТЬСЯ", "p": [2] },
	{ "s": "ОБРАЩАТЬСЯ", "p": [10] },
	{ "s": "ОКНЕ", "p": [8, 6] },
	{ "s": "ОКНО", "p": [7, 9, 6] },
	{ "s": "ОНА", "p": [8] },
	{ "s": "ОПЕРАЦИИ", "p": [7, 6] },
	{ "s": "ОПЕРАЦИЙ", "p": [5] },
	{ "s": "ОПЕРАЦИЯ", "p": [9, 8, 7, 6] },
	{ "s": "ОПИСАНИЕ", "p": [5, 3] },
	{ "s": "ОПИСАНИЯ", "p": [5] },
	{ "s": "ОПИСАННЫХ", "p": [10] },
	{ "s": "ОПЫТ", "p": [3] },
	{ "s": "ОПЫТНОЙ", "p": [3] },
	{ "s": "ОС", "p": [2] },
	{ "s": "ОСМОТРА", "p": [4, 3, 1] },
	{ "s": "ОСНОВНЫЕ", "p": [6] },
	{ "s": "ОТВЕТСТВЕННОМУ", "p": [10] },
	{ "s": "ОТКРОЕТСЯ", "p": [7, 9] },
	{ "s": "ОТКРЫВШЕМСЯ", "p": [6] },
	{ "s": "ОТОБРАЖЕНИЕ", "p": [5] },
	{ "s": "ОТОБРАЗИТСЯ", "p": [2] },
	{ "s": "ОТПРАВИЛ", "p": [9] },
	{ "s": "ОТПРАВИТЬ", "p": [5] },
	{ "s": "ОТПРАВКА", "p": [5] },
	{ "s": "ОЧЕРЕДЬ", "p": [9] },
	{ "s": "ОШИБОК", "p": [10] }
]