[
	{ "s": "В", "p": [6, 5, 9, 2, 7, 10, 8, 4, 3] },
	{ "s": "ВАМ", "p": [7] },
	{ "s": "ВВЕДЕНИЕ", "p": [3] },
	{ "s": "ВВЕСТИ", "p": [6] },
	{ "s": "ВЕРХНЕМ", "p": [2] },
	{ "s": "ВИЗУАЛИЗАЦИЯ", "p": [6, 5] },
	{ "s": "ВОЗМОЖНА", "p": [4] },
	{ "s": "ВОЗМОЖНО", "p": [6] },
	{ "s": "ВОЗМОЖНОСТЕЙ", "p": [3] },
	{ "s": "ВОЗМОЖНОСТЬ", "p": [5] },
	{ "s": "ВОЗНИКНОВЕНИЯ", "p": [10] },
	{ "s": "ВСЕГДА", "p": [4] },
	{ "s": "ВСЕМ", "p": [4] },
	{ "s": "ВЫ", "p": [9] },
	{ "s": "ВЫБЕРИТЕ", "p": [9, 8] },
	{ "s": "ВЫДЕЛИТСЯ", "p": [8] },
	{ "s": "ВЫЙТИ", "p": [6] },
	{ "s": "ВЫПОЛНЕНИЕ", "p": [6] },
	{ "s": "ВЫПОЛНЕНИЯ", "p": [5] },
	{ "s": "ВЫПОЛНИТЬ", "p": [2, 6] },
	{ "s": "ВЫПОЛНЯЕМЫЕ", "p": [5] },
	{ "s": "ВЫПОЛНЯЕТ", "p": [5] },
	{ "s": "ВЫШЕ", "p": [9, 2] }
]