[
	{ "s": "УБЕДИТЕСЬ", "p": [9, 8, 7] },
	{ "s": "УГЛУ", "p": [2] },
	{ "s": "УДАЛЕН", "p": [8] },
	{ "s": "УДАЛЕНИЕ", "p": [8, 5] },
	{ "s": "УДАЛЕНИЯ", "p": [5] },
	{ "s": "УДАЛИТЬ", "p": [8] },
	{ "s": "УДАЛЯТЬ", "p": [3] },
	{ "s": "УДОБНОЕ", "p": [2] },
	{ "s": "УКАЖИТЕ", "p": [9] },
	{ "s": "УКАЗАННОЙ", "p": [9] },
	{ "s": "УПРАВЛЕНИЯ", "p": [3] },
	{ "s": "УРОВЕНЬ", "p": [3] },
	{ "s": "УСЛОВИЯ", "p": [4, 6] },
	{ "s": "УСПЕШНОСТИ", "p": [7] },
	{ "s": "УСТАНОВЛЕННЫМИ", "p": [4] },
	{ "s": "УЧЕТА", "p": [3, 1] },
	{ "s": "УЧЕТНАЯ", "p": [9, 8, 7] },
	{ "s": "УЧЕТНОЙ", "p": [2] },
	{ "s": "УЧЕТНУЮ", "p": [9, 8, 7, 6, 3] }
]