{
	"1": ["Начальная... Требуется Advanced-лицензия!", "index.htm", []],
	"2": ["1. Начал... Требуется Advanced-лицензия!", "nachalo_raboty.htm", []],
	"3": ["2. Вв... Требуется Advanced-лицензия!", "vvedenie.htm", []],
	"4": ["3. Назначение и условия применения информационн... Требуется Advanced-лицензия!", "naznachenie_i_usloviya_primeneniya_informatsionnoj_sistemy_dlya_tekhnicheskogo_osmotra_avtomobilej.htm", []],
	"5": ["4. Описани... Требуется Advanced-лицензия!", "opisanie_operatsij.htm", []],
	"6": ["4.1. Задача: «Виз... Требуется Advanced-лицензия!", "zadacha___vizualizatsiya_spiska_.htm", [4]],
	"7": ["4.2. Задача: «Добавление новой карточки автомобиля или ред... Требуется Advanced-лицензия!", "zadacha___dobavlenie_novoj_kartochki_avtomobilya_ili_redaktirovanie_tekushchej_s_tselyu_izmenit_dannye_ob_avtomobile_.htm", [4]],
	"8": ["4.3. Задача: «Удаление кар... Требуется Advanced-лицензия!", "zadacha___udalenie_kartochki_avtomobilya_iz_spiska_.htm", [4]],
	"9": ["4.4. «Создание... Требуется Advanced-лицензия!", "_sozdanie_i_pechat_cheka_.htm", [4]],
	"10": ["5. Аварийн... Требуется Advanced-лицензия!", "avarijnye_situatsii.htm", []]
}