[
	{ "fileName": "0xu0031.json", "first": "1", "last": "10" },
	{ "fileName": "0xu0032.json", "first": "2", "last": "2023" },
	{ "fileName": "0xu0033.json", "first": "3", "last": "3.3" },
	{ "fileName": "0xu0034.json", "first": "4", "last": "4.4" },
	{ "fileName": "0xu0035.json", "first": "5", "last": "5" },
	{ "fileName": "0xu0043.json", "first": "CARSTO", "last": "CATSTO.EXE" },
	{ "fileName": "0xu0045.json", "first": "EXE", "last": "EXE" },
	{ "fileName": "0xu0050.json", "first": "PDF", "last": "PDF" },
	{ "fileName": "0xu0057.json", "first": "WINDOWS", "last": "WINDOWS" },
	{ "fileName": "0xu005a.json", "first": "ZIP", "last": "ZIP" },
	{ "fileName": "0xu0410.json", "first": "А", "last": "АДМИНИСТРАТОРУ" },
	{ "fileName": "0xu0411.json", "first": "БАЗА", "last": "БАЗА" },
	{ "fileName": "0xu0412.json", "first": "В", "last": "ВЫШЕ" },
	{ "fileName": "0xu0413.json", "first": "ГЛАВНОМ", "last": "ГОСТЯ" },
	{ "fileName": "0xu0414.json", "first": "ДАЛЕЕ", "last": "ДОСТУПНЫМ" },
	{ "fileName": "0xu0415.json", "first": "ЕГО", "last": "ЕСТЬ" },
	{ "fileName": "0xu0416.json", "first": "ЖЕСТКОМ", "last": "ЖЕСТКОМ" },
	{ "fileName": "0xu0417.json", "first": "ЗАВЕРШЕНИЯ", "last": "ЗНАЧОК" },
	{ "fileName": "0xu0418.json", "first": "И", "last": "ИСПЫТАНИЯХ" },
	{ "fileName": "0xu041a.json", "first": "К", "last": "КРАТКОЕ" },
	{ "fileName": "0xu041b.json", "first": "ЛИБО", "last": "ЛЮБЫМ" },
	{ "fileName": "0xu041c.json", "first": "МАРКУ", "last": "МОЖНО" },
	{ "fileName": "0xu041d.json", "first": "НА", "last": "НУЖНА" },
	{ "fileName": "0xu041e.json", "first": "О", "last": "ОШИБОК" },
	{ "fileName": "0xu041f.json", "first": "П", "last": "ПУНКТА" },
	{ "fileName": "0xu0420.json", "first": "РАБОТА", "last": "РУКОВОДСТВО" },
	{ "fileName": "0xu0421.json", "first": "С", "last": "СТРАНИЦА" },
	{ "fileName": "0xu0422.json", "first": "Т", "last": "ТРЕЕ" },
	{ "fileName": "0xu0423.json", "first": "УБЕДИТЕСЬ", "last": "УЧЕТНУЮ" },
	{ "fileName": "0xu0424.json", "first": "ФАЙЛ", "last": "ФУНКЦИОНИРУЕТ" },
	{ "fileName": "0xu0425.json", "first": "ХОДЕ", "last": "ХОДЕ" },
	{ "fileName": "0xu0426.json", "first": "ЦЕЛЬЮ", "last": "ЦЕЛЬЮ" },
	{ "fileName": "0xu0427.json", "first": "ЧЕК", "last": "ЧТОБЫ" },
	{ "fileName": "0xu0428.json", "first": "ШТАТНОМ", "last": "ШТАТНОМ" },
	{ "fileName": "0xu042d.json", "first": "ЭКСПЛУАТАЦИИ", "last": "ЭТОМ" }
]